Precinct,Importance Index
7,1
4,0.985
3,0.983
6,0.983
43,0.921
20,0.908
2,0.894
21,0.883
40,0.883
37,0.824
50,0.813
1,0.769
24,0.748
36,0.747
9,0.747
8,0.715
45,0.686
5,0.588
17,0.567
28,0.548
32,0.507
25,0.483
46,0.477
26,0.468
19,0.463
10,0.399
44,0.312
30-3,0.295
22,0.271
23,0.202
15,0.188
52,0.03
30-2,0.027
29,0.018
14,0.017
18,0
